couchbase/couchbase_1_1.png couchbase
couchbase/couchbase_1_7.png couchbase
couchbase/couchbase_1_6.png couchbase
microsoft/microsoft_1_10.png microsoft
microsoft/microsoft_1_1.png microsoft
microsoft/microsoft_1_8.png microsoft
intel/intel_1_7.png intel
intel/intel_1_10.png intel
intel/intel_1_5.png intel
redhat/redhat_1_10.png redhat
redhat/redhat_1_9.png redhat
redhat/redhat_1_6.png redhat
ibm/ibm_1_4.png ibm
ibm/ibm_1_2.png ibm
ibm/ibm_1_3.png ibm
lightbend/lightbend_1_3.png lightbend
lightbend/lightbend_1_2.png lightbend
lightbend/lightbend_1_9.png lightbend
atlassian/atlassian_1_1.png atlassian
atlassian/atlassian_1_8.png atlassian
atlassian/atlassian_1_6.png atlassian
negative/whitebg.png negative
negative/whitebg.png negative
negative/whitebg.png negative

